X;Psi;Regions;Industries
0.0016622583458779634;0.0024174669617243244;Beijing;Agri
0.0007603568186026172;0.0009723929861357125;Beijing;CoalM
9.638283260237776e-05;0.00014168844550667322;Beijing;OilgasM
5.8558453889510304e-05;6.467787232688865e-05;Beijing;MetalM
1.965522063712867e-05;5.373876577177885e-05;Beijing;NonMeM
0.0008753644557270639;0.0021192356700972474;Beijing;Food
1.2012504213359718e-05;0.00030262957853630475;Beijing;Tex
7.218691067167548e-05;0.0006793856340779602;Beijing;Cloth
0.00040455301467137565;0.0009275633254602171;Beijing;Wood
0.0009601495279495188;0.0025775422738442085;Beijing;Paper
0.0012244838192173007;0.007292257636001596;Beijing;Fuel
0.0025766514343095303;0.012089507167988586;Beijing;Chemi
0.0014367293733962684;0.003791380533773898;Beijing;NonMeP
0.002136688634145656;0.006967272045444004;Beijing;MeSme
0.0012535730597476682;0.0030867172063424827;Beijing;MetaInd
0.0009820837722779355;0.007655987011106361;Beijing;GnerSep
0.00309455175023246;0.0072070680946079504;Beijing;TransEq
0.0013968626632808348;0.0032648064930952863;Beijing;Electri
0.003318875471227234;0.010851864364243057;Beijing;Computers
0.00020584551955249116;0.001640608838120544;Beijing;Instru
6.245149617369613e-05;0.0004446857120515779;Beijing;OtherManu
0.008826250298515323;0.005929435389246198;Beijing;ElectriH
0.00022303111582310138;0.0005974181713234749;Beijing;WaGaS
0.0007707419840936953;0.0030391919334736743;Beijing;Building
0.004551747312768005;0.017905049206050475;Beijing;Trans 
0.0037066539823653877;0.013951843340388032;Beijing;Wholes
0.001306722043738169;0.005471963672605919;Beijing;Acconm
0.002880881048273556;0.008126979129949018;Beijing;Rental
0.0008548960713640431;0.0033041704774566926;Beijing;ScienceTec
0.007483565186822683;0.04218156390999326;Beijing;Ohters
0.00220358345778831;0.0026426630072867103;Tianjin;Agri
0.0005351242223234926;0.001445614171222618;Tianjin;CoalM
0.0033059591515888355;0.008176283641057089;Tianjin;OilgasM
0.0;0.0;Tianjin;MetalM
9.439692091415247e-05;0.0001748915679251044;Tianjin;NonMeM
0.0008722394132345166;0.003199111747370678;Tianjin;Food
0.00020731898197018963;0.0009315133694035326;Tianjin;Tex
7.160195549821135e-05;0.0005972545255245787;Tianjin;Cloth
0.00012273310992440227;0.0003434151426394829;Tianjin;Wood
0.0005822967818328113;0.0017884688739385176;Tianjin;Paper
0.0015163291011412218;0.007420589769360596;Tianjin;Fuel
0.00300443002030474;0.011839956730176262;Tianjin;Chemi
0.0008584121122922467;0.002533446001658888;Tianjin;NonMeP
0.009743773799040083;0.017631065131557468;Tianjin;MeSme
0.001417166510714107;0.006443203250828745;Tianjin;MetaInd
0.0008207888996538867;0.005706029130856085;Tianjin;GnerSep
0.003144074121252376;0.008800299187090693;Tianjin;TransEq
0.0006134388604419929;0.0036220508702899936;Tianjin;Electri
0.00248038859780709;0.010430497381570814;Tianjin;Computers
9.923437675292335e-05;0.0010512485586543288;Tianjin;Instru
0.0008185042941954818;0.0015243471193916093;Tianjin;OtherManu
0.002852543331247037;0.004504280912274824;Tianjin;ElectriH
0.0001325314732394771;0.0004305050932375184;Tianjin;WaGaS
-4.297809759044811e-06;0.0005925657683224961;Tianjin;Building
0.003435487288132105;0.013669574509266202;Tianjin;Trans 
0.002245184352972234;0.007662429059231335;Tianjin;Wholes
0.0005584160182931325;0.0016241296146689323;Tianjin;Acconm
0.00039878098548936915;0.0016940018156226021;Tianjin;Rental
9.317099607463298e-05;0.0002309679513391248;Tianjin;ScienceTec
0.003971252714355842;0.011184696562077004;Tianjin;Ohters
0.010000177934847693;0.02586138861251551;Hebei;Agri
0.003945884435361554;0.011569648488034783;Hebei;CoalM
0.0023493468678348695;0.00290846337167492;Hebei;OilgasM
0.005655875557003219;0.005391768467934522;Hebei;MetalM
0.000911618535393564;0.002764440930535037;Hebei;NonMeM
0.003134181916015018;0.011119794453051795;Hebei;Food
0.003954392725142998;0.012061337834771247;Hebei;Tex
0.0021562642520734283;0.005443456201256684;Hebei;Cloth
0.003416492866570619;0.009911588190123699;Hebei;Wood
0.0025071316882528394;0.007483874098779554;Hebei;Paper
0.00578732006004908;0.015353370679201825;Hebei;Fuel
0.008855385980695041;0.03038584794920439;Hebei;Chemi
0.008753549837162092;0.024095973031451855;Hebei;NonMeP
0.021102105673840323;0.07209552871266105;Hebei;MeSme
0.004425772772222494;0.014159196894636307;Hebei;MetaInd
0.0016216164081911178;0.01155865788357426;Hebei;GnerSep
0.0022055477683425528;0.0063778935053576255;Hebei;TransEq
0.002082773836673445;0.008822619535081285;Hebei;Electri
0.0004842172896159158;0.0014887264457875773;Hebei;Computers
8.619935783487674e-05;0.0006253489132186498;Hebei;Instru
0.0006606780232428337;0.0034111937839438264;Hebei;OtherManu
0.008854778267201727;0.015515930259280502;Hebei;ElectriH
0.00020555462766235714;0.0005860174134430564;Hebei;WaGaS
0.00010138349937008116;0.001469682350294751;Hebei;Building
0.003612425782551588;0.02696184152549589;Hebei;Trans 
0.0015748306854261535;0.010589728746588985;Hebei;Wholes
0.0018080570077956353;0.0032399229224265554;Hebei;Acconm
0.0015212201141360663;0.005677905192212798;Hebei;Rental
0.0001413029468086047;0.0004778252894122225;Hebei;ScienceTec
0.0028679368232542523;0.01893815663324549;Hebei;Ohters
0.0026388339715131505;0.002725082498979471;Shanxi;Agri
0.00808825599856223;0.022763949873056296;Shanxi;CoalM
6.287601338851785e-08;3.554728711961963e-07;Shanxi;OilgasM
0.00022056394224811147;0.00032883630294309595;Shanxi;MetalM
0.0003399352259741199;0.0005941344143468879;Shanxi;NonMeM
0.0006316899557931777;0.0010071622350327158;Shanxi;Food
0.00030263451000180156;0.00047736691175678255;Shanxi;Tex
0.00016352960783631195;0.00036540941903763735;Shanxi;Cloth
0.00015371499903838042;0.0002922097314794086;Shanxi;Wood
0.00047565563022900306;0.0007346260327024977;Shanxi;Paper
0.0030489836445620143;0.014469803212825443;Shanxi;Fuel
0.003970973804814493;0.0056106679546481355;Shanxi;Chemi
0.0034015530187814233;0.0030487654041440994;Shanxi;NonMeP
0.014929175787779917;0.021357684514240284;Shanxi;MeSme
0.0018747532538039668;0.003292265923988663;Shanxi;MetaInd
0.002072757263803348;0.003433864740063308;Shanxi;GnerSep
0.00059789308634692;0.0010046802893486112;Shanxi;TransEq
0.0005499815139155516;0.0009057807599975412;Shanxi;Electri
4.627324009747542e-05;0.0001278041439919435;Shanxi;Computers
8.295335877634945e-05;0.0002067709054827068;Shanxi;Instru
0.00010260416350173794;0.00024728007594715433;Shanxi;OtherManu
0.004625708962983588;0.011624710549075375;Shanxi;ElectriH
5.2213693616237196e-05;0.00017994745221038195;Shanxi;WaGaS
0.00033735204303231905;0.001608653967179997;Shanxi;Building
0.003785101480237062;0.006276755280547018;Shanxi;Trans 
0.002331199003611628;0.0038232645707826462;Shanxi;Wholes
0.0003288350566820151;0.0011926929917858231;Shanxi;Acconm
0.0007966851490759287;0.0013368679111142336;Shanxi;Rental
1.7098038143553553e-05;6.177692421818293e-05;Shanxi;ScienceTec
0.0024306192573786026;0.006276203012152783;Shanxi;Ohters
0.0062440059249793504;0.010810086170670603;Inter-Mongolia;Agri
0.0034001533733686636;0.010611817402961125;Inter-Mongolia;CoalM
0.0006490782366621542;0.0005546088668915351;Inter-Mongolia;OilgasM
0.003590512477058312;0.0033368357186951865;Inter-Mongolia;MetalM
0.0008955320880873913;0.002587784611873644;Inter-Mongolia;NonMeM
0.002573076487018168;0.007348574734509299;Inter-Mongolia;Food
0.000939114812007555;0.003439282469628809;Inter-Mongolia;Tex
0.00013137154240696846;0.00035737934732059325;Inter-Mongolia;Cloth
0.00045682425822067687;0.001045809619229218;Inter-Mongolia;Wood
0.0005920812088014935;0.0012123127629699564;Inter-Mongolia;Paper
0.001112897011759947;0.003009026508814897;Inter-Mongolia;Fuel
0.002453252251013194;0.007572407763213323;Inter-Mongolia;Chemi
0.0022762226831676458;0.004928420604085297;Inter-Mongolia;NonMeP
0.005704755240167755;0.021279814430306278;Inter-Mongolia;MeSme
3.703416871629165e-05;0.00014683697917435964;Inter-Mongolia;MetaInd
0.0012106156763346731;0.0020418576320390684;Inter-Mongolia;GnerSep
0.001365686131981897;0.0011300739004325808;Inter-Mongolia;TransEq
0.00023546590216485755;0.0004872125645299927;Inter-Mongolia;Electri
0.0003258991083660146;0.0006227378729078607;Inter-Mongolia;Computers
1.1678018877011078e-05;4.4835452633640265e-05;Inter-Mongolia;Instru
0.00010447203272322457;0.00024585600629646023;Inter-Mongolia;OtherManu
0.00569605393696369;0.011648739538273148;Inter-Mongolia;ElectriH
0.00012963311742109204;0.0013133269059524282;Inter-Mongolia;WaGaS
7.553534857137924e-05;0.0006253939747286283;Inter-Mongolia;Building
0.004225769756385595;0.013958498275301576;Inter-Mongolia;Trans 
0.0026876329556296506;0.006627695920950855;Inter-Mongolia;Wholes
0.0004897129846943597;0.0019290163135146066;Inter-Mongolia;Acconm
0.0011647754273840995;0.0013842657265108397;Inter-Mongolia;Rental
4.174125034153991e-05;0.00010331037349518187;Inter-Mongolia;ScienceTec
0.002145171521382271;0.006127053315994952;Inter-Mongolia;Ohters
0.009136910916003013;0.012495177765335468;Liaoning;Agri
0.00157522940736073;0.0024838155324795478;Liaoning;CoalM
0.0011096040441281737;0.0029933083207666087;Liaoning;OilgasM
0.0029324796507018396;0.002292118783017344;Liaoning;MetalM
0.00033280444714368056;0.000747089422934613;Liaoning;NonMeM
0.005269745526076069;0.007856847112740527;Liaoning;Food
0.0016705162430360558;0.0016729083352781135;Liaoning;Tex
0.0005757272451642314;0.0018674750731780682;Liaoning;Cloth
0.0011785891596165588;0.0025222660948604936;Liaoning;Wood
0.0016665938234495263;0.0030718147178952237;Liaoning;Paper
0.00786376227633798;0.036884605281392445;Liaoning;Fuel
0.008092646952964301;0.02038905083789372;Liaoning;Chemi
0.005998259947652844;0.009450865516405255;Liaoning;NonMeP
0.016125648094748087;0.026178934541906864;Liaoning;MeSme
0.00227359978393218;0.00933926736031127;Liaoning;MetaInd
0.004250386902490439;0.011778387228520785;Liaoning;GnerSep
0.004550458085966596;0.011776015500854942;Liaoning;TransEq
0.002979912882158917;0.00700581538301028;Liaoning;Electri
0.0007393318786313022;0.0023160807691221014;Liaoning;Computers
0.00031872622817520754;0.0011508096781565637;Liaoning;Instru
0.0010187330760555219;0.0016991048942735713;Liaoning;OtherManu
0.00871943690187261;0.01352599205619892;Liaoning;ElectriH
0.0001678554310838899;0.0007502177803425423;Liaoning;WaGaS
6.536647020802076e-05;0.0015310676199058785;Liaoning;Building
0.004857863574945017;0.011265849638313088;Liaoning;Trans 
0.00310914966611933;0.013115345810370539;Liaoning;Wholes
0.001013053329467523;0.0051411196115296095;Liaoning;Acconm
0.0013643134309992812;0.003695567863846942;Liaoning;Rental
0.0002044074260405112;0.0004353269668818224;Liaoning;ScienceTec
0.003295242045266268;0.013417720762232846;Liaoning;Ohters
0.0037678205829580393;0.011629807806468813;Jilin;Agri
0.001138575806422874;0.0018194500102969669;Jilin;CoalM
0.0021423975102149084;0.00344842070459969;Jilin;OilgasM
0.00044978750565870533;0.0006287553406331127;Jilin;MetalM
0.00034845113812915807;0.0005063220920808168;Jilin;NonMeM
0.0016264503092000531;0.00612397725761364;Jilin;Food
0.0002499544391970243;0.00036595222666238315;Jilin;Tex
7.662882001718373e-05;0.00018681268723168385;Jilin;Cloth
0.0007060774723864216;0.0016364429020341938;Jilin;Wood
0.00045749375274094077;0.0010210898870531382;Jilin;Paper
0.0012468028371451587;0.003787893653788398;Jilin;Fuel
0.004743374216036758;0.015225765385701322;Jilin;Chemi
0.0014303959480112553;0.0023258403857296934;Jilin;NonMeP
0.0041932686700415075;0.00532534485650842;Jilin;MeSme
0.0005961746609614895;0.0014695430085800286;Jilin;MetaInd
0.0009020969464269094;0.001919014661801866;Jilin;GnerSep
0.009753635833376365;0.015218799405651576;Jilin;TransEq
0.0001391129930228335;0.0003219037897995569;Jilin;Electri
0.00017512993183015923;0.00036644473644142456;Jilin;Computers
7.184929231154487e-06;2.639628501243673e-05;Jilin;Instru
0.00011324583944605263;0.00021477389674674234;Jilin;OtherManu
0.0019638071397979047;0.0037787000076773937;Jilin;ElectriH
5.650801826914349e-05;0.0004079385481904161;Jilin;WaGaS
5.225960720946658e-05;0.0004642739690143648;Jilin;Building
0.00046080074305156215;0.004918751279597358;Jilin;Trans 
-0.00012531831738911924;0.0015214903418541603;Jilin;Wholes
0.0003738804532108182;0.00148162578620855;Jilin;Acconm
0.0007352554991074778;0.002285048246276543;Jilin;Rental
0.00014967975763829772;0.0002250418559355332;Jilin;ScienceTec
0.002051105339451367;0.006546962424791895;Jilin;Ohters
0.00668732129589116;0.014035540997014043;Hei Longjiang;Agri
0.002112145592834707;0.0038066791451532174;Hei Longjiang;CoalM
0.010775755019992133;0.014960887591957808;Hei Longjiang;OilgasM
0.0003212574628325322;0.000419198996665983;Hei Longjiang;MetalM
0.0002871607271219135;0.0004306193356608197;Hei Longjiang;NonMeM
0.0024190871307778576;0.005791184310029118;Hei Longjiang;Food
0.0002310293341567627;0.00039843886203017525;Hei Longjiang;Tex
0.00011091922271055005;0.0004294283962549287;Hei Longjiang;Cloth
0.0005323148247357615;0.0008343556516319007;Hei Longjiang;Wood
0.0008057591843994268;0.0014563314343161145;Hei Longjiang;Paper
0.003142798384677307;0.01191718707890729;Hei Longjiang;Fuel
0.004192255295552058;0.009731460582250964;Hei Longjiang;Chemi
0.0008582507369861766;0.0018226406664254345;Hei Longjiang;NonMeP
0.002729999676480585;0.003973644512709769;Hei Longjiang;MeSme
0.0005148045295293349;0.0017418272079604191;Hei Longjiang;MetaInd
0.00414857239547567;0.0069521850740910055;Hei Longjiang;GnerSep
0.0010407426832592444;0.003046315785034717;Hei Longjiang;TransEq
0.0016244898907173818;0.002668422570897481;Hei Longjiang;Electri
0.00013912218371469858;0.0003270553794703186;Hei Longjiang;Computers
0.0002530828525112962;0.0005007438554658611;Hei Longjiang;Instru
0.00028438566006621746;0.0004599746313773292;Hei Longjiang;OtherManu
0.004923522138222389;0.009233911495027088;Hei Longjiang;ElectriH
0.0002739501997493176;0.0007716043109281331;Hei Longjiang;WaGaS
0.00013626157912038656;0.0009867755544622954;Hei Longjiang;Building
0.002640167827473751;0.006931462737171165;Hei Longjiang;Trans 
0.00193394368829276;0.006059867500914533;Hei Longjiang;Wholes
0.0008503127958596866;0.0020480418844381868;Hei Longjiang;Acconm
0.0010583581662385992;0.0023232870378375936;Hei Longjiang;Rental
0.00016033443741835426;0.0002946423868557052;Hei Longjiang;ScienceTec
0.0020995458439550902;0.007924160469878748;Hei Longjiang;Ohters
0.0010335920787933205;0.0015527807074944442;Shanghai;Agri
0.0;0.0;Shanghai;CoalM
7.471585188575338e-05;0.000192154080977334;Shanghai;OilgasM
0.0;0.0;Shanghai;MetalM
0.0;0.0;Shanghai;NonMeM
0.0022090834254165906;0.006068541631775416;Shanghai;Food
0.0014257688006484792;0.0028690860825475524;Shanghai;Tex
0.00045512817150326695;0.004030660133605294;Shanghai;Cloth
0.0003969033872942246;0.0021665254557391676;Shanghai;Wood
0.0015891031497861567;0.0055528346565988955;Shanghai;Paper
0.0029919495965323615;0.012473029069154894;Shanghai;Fuel
0.009874558741309105;0.03215998225035837;Shanghai;Chemi
0.0035819479156366215;0.0049553914531314455;Shanghai;NonMeP
0.009186707871568167;0.019702733707775588;Shanghai;MeSme
0.002183009166063335;0.014620836833435069;Shanghai;MetaInd
0.0030686243756045764;0.01644526624316594;Shanghai;GnerSep
0.0037945730120609133;0.015872286657270192;Shanghai;TransEq
0.0020072145397490096;0.01244230074669625;Shanghai;Electri
0.003699097606812835;0.019758310539480135;Shanghai;Computers
0.0005142502571854026;0.0029107470713751675;Shanghai;Instru
0.0004868845832099575;0.0016265641748171823;Shanghai;OtherManu
0.004750799914887288;0.009541230137675027;Shanghai;ElectriH
0.0005275792769424283;0.0013864890199982115;Shanghai;WaGaS
0.0012057565661738106;0.004661924912250674;Shanghai;Building
0.005306397117612656;0.025753066360633948;Shanghai;Trans 
0.005078017502059436;0.015183601991580604;Shanghai;Wholes
0.0005019007969338295;0.0051044346539098565;Shanghai;Acconm
0.00670465510871274;0.01648445596136659;Shanghai;Rental
0.00018849249087827248;0.0007464568182754514;Shanghai;ScienceTec
0.01468763522039545;0.046439147360944615;Shanghai;Ohters
0.014437962140944748;0.02257425247649661;Jiangsu;Agri
0.0011976000964002218;0.003362375120438973;Jiangsu;CoalM
7.647994160635847e-05;0.0003412400756896094;Jiangsu;OilgasM
7.716914622108047e-05;0.00027539633571253136;Jiangsu;MetalM
0.0008332026490516132;0.0024610188961510684;Jiangsu;NonMeM
0.006547573821921908;0.015942854571126847;Jiangsu;Food
0.014308832629857217;0.023662028723770427;Jiangsu;Tex
0.0012732269493530147;0.009274703992958626;Jiangsu;Cloth
0.002548032323245315;0.006618473250815651;Jiangsu;Wood
0.004084204245870446;0.016967008250073627;Jiangsu;Paper
0.004279672126955353;0.013676393475748623;Jiangsu;Fuel
0.029821867024037933;0.08897063866591245;Jiangsu;Chemi
0.008130480604541458;0.014790381501620225;Jiangsu;NonMeP
0.032260701475786274;0.056540186639855744;Jiangsu;MeSme
0.0034553019083715633;0.032683340584255434;Jiangsu;MetaInd
0.007015905727250302;0.034429780550896884;Jiangsu;GnerSep
0.006766458230294248;0.016144677362834505;Jiangsu;TransEq
0.005269530245944275;0.03575690766504286;Jiangsu;Electri
0.0034332450720397003;0.0298614144468833;Jiangsu;Computers
0.0002719456309797229;0.002722241372682833;Jiangsu;Instru
0.002619640659396151;0.00940143113801969;Jiangsu;OtherManu
0.012682499418540438;0.03551344474086664;Jiangsu;ElectriH
0.00016819584184900375;0.0022986580756602193;Jiangsu;WaGaS
-0.00016731865894727374;0.0031782094215505752;Jiangsu;Building
0.005806498831147633;0.02058569506052796;Jiangsu;Trans 
0.0026110474057929036;0.02240805094582288;Jiangsu;Wholes
0.002144375332990374;0.009064615492743587;Jiangsu;Acconm
0.0020474198095394337;0.010072094054360183;Jiangsu;Rental
0.0003223969934989639;0.0015096601616745562;Jiangsu;ScienceTec
0.015174250603896973;0.05324710732053024;Jiangsu;Ohters
0.006635494032752375;0.010246335954580297;Zhejiang;Agri
6.2001633238986075e-06;2.6064762258338416e-05;Zhejiang;CoalM
0.0;0.0;Zhejiang;OilgasM
0.0003170448041136584;0.0005894448217499082;Zhejiang;MetalM
0.0012192514958051354;0.0021229838422579983;Zhejiang;NonMeM
0.004529783904334653;0.009261844684705861;Zhejiang;Food
0.01298130803779126;0.019416428348844095;Zhejiang;Tex
0.00496738226894601;0.014133704457603693;Zhejiang;Cloth
0.0035847693058860012;0.009718586979573942;Zhejiang;Wood
0.006196483728497227;0.016365984430345364;Zhejiang;Paper
0.004650300974085096;0.020457615850217485;Zhejiang;Fuel
0.020584808111423197;0.054633572918875495;Zhejiang;Chemi
0.00858451143813327;0.009748744131260244;Zhejiang;NonMeP
0.013479136091699198;0.021831356308090178;Zhejiang;MeSme
0.004759913624433333;0.021281314365058163;Zhejiang;MetaInd
0.003741040677629732;0.023015043821246764;Zhejiang;GnerSep
0.0021949721708930314;0.011925783925022485;Zhejiang;TransEq
0.007711974734186081;0.023932591648106707;Zhejiang;Electri
0.003098880732325986;0.008414386356583198;Zhejiang;Computers
0.0001892841515731496;0.0027269477502524925;Zhejiang;Instru
0.002619969630752154;0.01016635599515318;Zhejiang;OtherManu
0.012065119677686262;0.023590820693971868;Zhejiang;ElectriH
0.00042172631494285986;0.0021956486963189497;Zhejiang;WaGaS
-7.559584740333717e-05;0.003199180678256828;Zhejiang;Building
0.0040520346383142785;0.017978896267488716;Zhejiang;Trans 
0.005761435763909161;0.02210295780019538;Zhejiang;Wholes
0.0018260586597556052;0.0085964727346303;Zhejiang;Acconm
0.003435246994247961;0.010402835105219152;Zhejiang;Rental
0.00012468354452277664;0.0005687701605509404;Zhejiang;ScienceTec
0.009459127931889053;0.03747523222271563;Zhejiang;Ohters
0.006272273060843783;0.016709138282390203;Anhi;Agri
0.00326133396187146;0.005911416013222642;Anhi;CoalM
0.0;0.0;Anhi;OilgasM
0.00035751697196201033;0.0008741272300511843;Anhi;MetalM
0.00039115204087855827;0.0010277353038858224;Anhi;NonMeM
0.001353960754185595;0.0062461647314736145;Anhi;Food
0.0011929966489704345;0.002371555502253459;Anhi;Tex
0.0003359044663449345;0.001243858928311201;Anhi;Cloth
0.0005324061931758894;0.00206172715478563;Anhi;Wood
0.0010472848392533297;0.0027024864064677427;Anhi;Paper
0.001546715325317415;0.004791453747465923;Anhi;Fuel
0.004212098555415827;0.015785094595997785;Anhi;Chemi
0.0025622003435810986;0.004901726898502737;Anhi;NonMeP
0.009797133890696013;0.01370041817225883;Anhi;MeSme
0.0012001981004795563;0.003105253791060294;Anhi;MetaInd
0.0012276537805071684;0.005498522752161011;Anhi;GnerSep
0.0013083176316336918;0.005915909294372555;Anhi;TransEq
0.0013651526479501962;0.010367767110499236;Anhi;Electri
0.00048730408651877883;0.001455876526571633;Anhi;Computers
0.0001950478369465797;0.0006681065625872278;Anhi;Instru
0.0005730079222852774;0.0022709600363395605;Anhi;OtherManu
0.002833845150171384;0.008089889945926475;Anhi;ElectriH
7.320012985058762e-05;0.0005849984188041576;Anhi;WaGaS
4.916964563078696e-05;0.0006131789917445379;Anhi;Building
0.0023292260063175183;0.011540501775210373;Anhi;Trans 
0.004036763522388533;0.008956437174574644;Anhi;Wholes
0.0005799646981503965;0.0026243128279564796;Anhi;Acconm
0.00080125186902381;0.004895336789696488;Anhi;Rental
9.137551346448833e-05;0.00026282121469410673;Anhi;ScienceTec
0.0026138675432632215;0.008965622338229253;Anhi;Ohters
0.007764949707673711;0.009913279052648105;Fujian;Agri
0.0010942585845588884;0.0010677241974163063;Fujian;CoalM
0.0;0.0;Fujian;OilgasM
0.0008780593590921369;0.0008146484943294209;Fujian;MetalM
0.0006388301869023371;0.0014475767536630665;Fujian;NonMeM
0.003125164101064179;0.006113506515750181;Fujian;Food
0.0037828567413755597;0.004651714430601377;Fujian;Tex
0.004879926860161864;0.009159698464394744;Fujian;Cloth
0.0010924650356125226;0.0028325813435291216;Fujian;Wood
0.0025728340759217615;0.005254639996268684;Fujian;Paper
0.0015004248067749914;0.00219469022276074;Fujian;Fuel
0.0073533255800017384;0.017858501779176916;Fujian;Chemi
0.006154201328968836;0.007138123634607706;Fujian;NonMeP
0.0072233264966464405;0.00848372533357601;Fujian;MeSme
0.0008361335083070765;0.004687891950016218;Fujian;MetaInd
0.0005191058316516236;0.0022017818903321907;Fujian;GnerSep
0.002003168179216271;0.0016603573335918767;Fujian;TransEq
0.0004026772535345254;0.0033891197910445167;Fujian;Electri
0.0041720953871208465;0.009968323700568108;Fujian;Computers
0.00029087339106542254;0.0013781078125575798;Fujian;Instru
0.0012411224842764003;0.004397781279325593;Fujian;OtherManu
0.007048579919344801;0.007273213427584935;Fujian;ElectriH
0.00012339135871874637;0.00033366843453256907;Fujian;WaGaS
0.000561924059911094;0.002053993525479557;Fujian;Building
0.00392600033448528;0.010551443824104835;Fujian;Trans 
0.002276241438093692;0.006710721322749711;Fujian;Wholes
0.0012846122775874802;0.003814531061334586;Fujian;Acconm
0.0013692275923288082;0.004068172860590936;Fujian;Rental
4.850391097726429e-05;0.00012564100175430253;Fujian;ScienceTec
0.0028412376152242087;0.011728870615588057;Fujian;Ohters
0.004612490413712493;0.00953534087930554;Jiangxi;Agri
0.0008032259050346637;0.0015532431056385747;Jiangxi;CoalM
0.0;0.0;Jiangxi;OilgasM
0.0015529321461983307;0.002295450292678091;Jiangxi;MetalM
0.0007354982895567774;0.001994913373240119;Jiangxi;NonMeM
0.001441253004189804;0.0030305374013773604;Jiangxi;Food
0.0017512366987616308;0.00229893809020126;Jiangxi;Tex
0.0012373449430548807;0.001728682827798573;Jiangxi;Cloth
0.0013929965421088752;0.0028922558296655757;Jiangxi;Wood
0.002002595960938046;0.005399467163092636;Jiangxi;Paper
0.0014635819974649132;0.0026279760652747177;Jiangxi;Fuel
0.005002737346846571;0.012874214666921145;Jiangxi;Chemi
0.0023942263574220604;0.003611817736649913;Jiangxi;NonMeP
0.010170766175022574;0.009818254709537705;Jiangxi;MeSme
0.00047587282012857157;0.001630046283062195;Jiangxi;MetaInd
0.002141070479324203;0.002765105788453368;Jiangxi;GnerSep
0.0009245388996669759;0.0015580742197521967;Jiangxi;TransEq
0.0012826121396598237;0.0035801485727416137;Jiangxi;Electri
0.0006480859113314934;0.0012904521482398979;Jiangxi;Computers
0.0005121236988027035;0.0008266691149169449;Jiangxi;Instru
0.00022376248745676987;0.0005336960405241349;Jiangxi;OtherManu
0.004311495869813553;0.004804362453384625;Jiangxi;ElectriH
0.00014841251125113518;0.0003707782768212673;Jiangxi;WaGaS
0.00014448434538861396;0.0008623325845499109;Jiangxi;Building
0.003663183652930762;0.0060672201641489626;Jiangxi;Trans 
0.003308435628796022;0.008196697017235183;Jiangxi;Wholes
0.0012007846275032977;0.0017368518882262655;Jiangxi;Acconm
0.000269632660221817;0.0018267682241773497;Jiangxi;Rental
4.855196569553775e-05;9.483113469078812e-05;Jiangxi;ScienceTec
0.003651325726687534;0.00734567239849576;Jiangxi;Ohters
0.02538913587641868;0.02615835821599064;Shandong;Agri
0.008212824463614436;0.021682679685467433;Shandong;CoalM
0.012878548879615221;0.006607668153687095;Shandong;OilgasM
0.008104642944860994;0.01288523120525464;Shandong;MetalM
0.002710037827361637;0.005101313954462287;Shandong;NonMeM
0.011929169067741557;0.029273830257071566;Shandong;Food
0.014156768054844008;0.01470226400420771;Shandong;Tex
0.0031150967998033884;0.010145153355594554;Shandong;Cloth
0.003989626677642104;0.00790229786645651;Shandong;Wood
0.01079754720927633;0.018644401812684154;Shandong;Paper
0.00928272592113053;0.026256342604595667;Shandong;Fuel
0.029290490137050595;0.06182190624778652;Shandong;Chemi
0.011348622808919715;0.025688701241987456;Shandong;NonMeP
0.025948030640975388;0.042254363411734025;Shandong;MeSme
0.0032593414158558404;0.02331170382580905;Shandong;MetaInd
0.008272600680468306;0.034674062996546885;Shandong;GnerSep
0.008750067829283713;0.015260782985428588;Shandong;TransEq
0.006410838893927414;0.017403369895400565;Shandong;Electri
0.007578843556700061;0.009595390205370815;Shandong;Computers
0.00047219490213245766;0.002334540106134782;Shandong;Instru
0.001725969231022671;0.006040639237987305;Shandong;OtherManu
0.007630330340034542;0.02340386799299067;Shandong;ElectriH
0.0006594377805028381;0.0024456123575098804;Shandong;WaGaS
5.0592589499198885e-05;0.0037998455255605097;Shandong;Building
0.008465838755387409;0.026994150468210656;Shandong;Trans 
0.0020232883396350035;0.01853956903006186;Shandong;Wholes
0.0026713329165906482;0.009548929334956248;Shandong;Acconm
0.0018116374354773673;0.010342199707335856;Shandong;Rental
0.000259290944359643;0.0007053162329031656;Shandong;ScienceTec
0.007008000505514767;0.036106501492494746;Shandong;Ohters
0.017387241604548003;0.022813514093265604;Hennan;Agri
0.005577776406735309;0.012842287803506951;Hennan;CoalM
0.0025505396246661236;0.0029323053223009516;Hennan;OilgasM
0.004999712375818255;0.004975295711792591;Hennan;MetalM
0.0040840788967209;0.006586657984128599;Hennan;NonMeM
0.01323070020415058;0.024253877233912313;Hennan;Food
0.005188240067176586;0.00921065872854658;Hennan;Tex
0.0016008893710654016;0.003588184600888556;Hennan;Cloth
0.004109382228288893;0.006155481691234736;Hennan;Wood
0.0035170177757342515;0.010209977143156886;Hennan;Paper
0.0020089332868932835;0.009689095950685395;Hennan;Fuel
0.010289560451738676;0.027328220732033642;Hennan;Chemi
0.012823816728285227;0.027545890021898698;Hennan;NonMeP
0.014228749425593457;0.03986193425081398;Hennan;MeSme
0.0011205961472104892;0.011083797841979572;Hennan;MetaInd
0.00028181931453100643;0.011120345713004019;Hennan;GnerSep
0.0015091184365314367;0.004339105567127881;Hennan;TransEq
0.0007985758548465147;0.005553762932350709;Hennan;Electri
0.00011891183761376829;0.0008653175133103558;Hennan;Computers
0.00043067445655557555;0.00162587291454552;Hennan;Instru
0.002862258391192022;0.007622639211162442;Hennan;OtherManu
0.008015289474969768;0.021035065201911778;Hennan;ElectriH
0.000111110369527805;0.0005915261473730701;Hennan;WaGaS
0.00014637905427469225;0.002886539220742167;Hennan;Building
0.007691586002783464;0.017521712591075322;Hennan;Trans 
0.005396275260914986;0.01199964438041233;Hennan;Wholes
0.005064890370849305;0.010066289662424226;Hennan;Acconm
0.0006695160640144371;0.003381310785428201;Hennan;Rental
0.00021782500320218133;0.0005718350066605591;Hennan;ScienceTec
0.003595237976967925;0.015683506818622482;Hennan;Ohters
0.009844086579170103;0.013615248175679981;Hubei;Agri
0.0002380342398129209;0.00030219083358697975;Hubei;CoalM
5.628106580169502e-05;0.00013315140037005094;Hubei;OilgasM
0.0006763545117452962;0.0010498506818753643;Hubei;MetalM
0.0012894537706508162;0.0019186569117545214;Hubei;NonMeM
0.003263955573565609;0.00824066041500926;Hubei;Food
0.004503082578607121;0.0052402197175893655;Hubei;Tex
0.0008553779087930128;0.002160051491901504;Hubei;Cloth
0.0007885388779279951;0.0016653635301216597;Hubei;Wood
0.002712380596818447;0.003974698838902836;Hubei;Paper
0.0019430408108725447;0.00316082811025516;Hubei;Fuel
0.007007411105152108;0.009942998732594658;Hubei;Chemi
0.004595604764801997;0.006323701384821734;Hubei;NonMeP
0.006332515946965257;0.008156452103446035;Hubei;MeSme
0.002194885939295059;0.006052796979908352;Hubei;MetaInd
0.0017552686344087217;0.004521670500137165;Hubei;GnerSep
0.0015537983468847365;0.004030169665072623;Hubei;TransEq
0.000958754831058663;0.0022499046851924592;Hubei;Electri
0.0007316316045287223;0.0016007703709198988;Hubei;Computers
0.00060666271758991;0.0011349865806915163;Hubei;Instru
0.0006731694311105092;0.0014265523116592602;Hubei;OtherManu
0.0024990379270733417;0.009991445783121174;Hubei;ElectriH
0.0004638974864782618;0.0018047461052384693;Hubei;WaGaS
0.0012423152299742544;0.00326618135519122;Hubei;Building
0.003206458585557376;0.011873281687778129;Hubei;Trans 
0.0022961221603274734;0.008509011998785617;Hubei;Wholes
0.0008255386615227117;0.003039478540967445;Hubei;Acconm
0.0014276767012335837;0.002843907291559118;Hubei;Rental
0.0002833568688003985;0.00047707265984561536;Hubei;ScienceTec
0.007992615081743927;0.017264907717984702;Hubei;Ohters
0.007274981538879515;0.01819588484753277;Hunan;Agri
0.002127791766118772;0.00281451781982446;Hunan;CoalM
0.0;0.0;Hunan;OilgasM
0.00107265094915658;0.0011113735573113287;Hunan;MetalM
0.0007526118130845715;0.0023297985120494585;Hunan;NonMeM
0.003642762179783419;0.0072652188417348185;Hunan;Food
0.0016488793491047683;0.0028258493243220753;Hunan;Tex
0.00026532628401107526;0.001328967565148018;Hunan;Cloth
0.001122546634214389;0.0023834423427579092;Hunan;Wood
0.0019086860612443268;0.0039374859279341905;Hunan;Paper
0.002389075355848614;0.006555801749805403;Hunan;Fuel
0.006088818961685134;0.01280005295514321;Hunan;Chemi
0.0046573168228941;0.004659969167641521;Hunan;NonMeP
0.008522815440817243;0.019553661858543913;Hunan;MeSme
0.0015628122538870297;0.003717107810526047;Hunan;MetaInd
0.0017646230978007904;0.007159642506160508;Hunan;GnerSep
0.0014007801117542026;0.0031942970838871767;Hunan;TransEq
0.0010579485022514249;0.002725021938732269;Hunan;Electri
0.000583777142238896;0.0017813568892816095;Hunan;Computers
0.000472807555265372;0.00125205319670728;Hunan;Instru
0.0013691003313077263;0.0017913999848689643;Hunan;OtherManu
0.0037642033724237683;0.006872854223164574;Hunan;ElectriH
0.00024620804919912994;0.0006086013608308445;Hunan;WaGaS
-1.4196838367468863e-05;0.001345644997313506;Hunan;Building
0.0029717804530763146;0.006882692383054514;Hunan;Trans 
0.002196453801620153;0.0073454715705869025;Hunan;Wholes
0.0012069932999947078;0.002643684538552864;Hunan;Acconm
0.0008163999074682171;0.0022129446544703404;Hunan;Rental
5.1351234843347416e-05;0.00017974512728953737;Hunan;ScienceTec
0.0031188584484704985;0.012241902947563579;Hunan;Ohters
0.010491034914968469;0.016423706562681415;Guangdong;Agri
0.0;0.0;Guangdong;CoalM
0.0021558566432137907;0.00461878141691065;Guangdong;OilgasM
0.0006855486466990692;0.001816737499799484;Guangdong;MetalM
0.001172892811674181;0.0020869804111079;Guangdong;NonMeM
0.006122849165683683;0.014501135920214054;Guangdong;Food
0.006643542260563173;0.012456558017516457;Guangdong;Tex
0.00099044495956948;0.010672787780783888;Guangdong;Cloth
0.002554820580636259;0.009690041800250028;Guangdong;Wood
0.008126690361322917;0.025546275974094868;Guangdong;Paper
0.005152969252320112;0.02857414679565702;Guangdong;Fuel
0.014139659787217006;0.06970032374033522;Guangdong;Chemi
0.010567524217359797;0.018156312316983655;Guangdong;NonMeP
0.011317870217105019;0.03254496866929045;Guangdong;MeSme
0.007338107946952323;0.04022891770729842;Guangdong;MetaInd
0.0002114900243620792;0.0070909663537083376;Guangdong;GnerSep
0.009035081754205917;0.0179535362782723;Guangdong;TransEq
0.007046797284019151;0.037901447118651344;Guangdong;Electri
0.009345739278853075;0.051224445544145285;Guangdong;Computers
-0.00018431561767987627;0.00392383951238107;Guangdong;Instru
0.002010533955356451;0.010775918186550944;Guangdong;OtherManu
0.020100615011626844;0.04016936595954233;Guangdong;ElectriH
0.0015922628265262727;0.005038778115172742;Guangdong;WaGaS
-0.00011193171681723291;0.0021582573593942078;Guangdong;Building
0.004499158746773615;0.024481995600365895;Guangdong;Trans 
0.0023534372297979804;0.0271807042236405;Guangdong;Wholes
0.0013538216551914272;0.009542121710877495;Guangdong;Acconm
0.004777619540552216;0.015143300257843287;Guangdong;Rental
0.0002685160516404229;0.0005238599104538664;Guangdong;ScienceTec
0.00758341332803655;0.04752873043171543;Guangdong;Ohters
0.005856247324350102;0.013682424009629008;Guangxi;Agri
0.00016427396243991744;0.00018792580671368682;Guangxi;CoalM
0.0;0.0;Guangxi;OilgasM
0.0003619082163549592;0.0007901832604675279;Guangxi;MetalM
0.00048213534080439346;0.0006471178956948013;Guangxi;NonMeM
0.0023179897805852136;0.007019357115061087;Guangxi;Food
0.0002639718343373956;0.00082246045606485;Guangxi;Tex
0.00015466538511943223;0.00048209033831426296;Guangxi;Cloth
0.0006032277343435313;0.0021977472025671626;Guangxi;Wood
0.0009879881011851568;0.002603780683663891;Guangxi;Paper
0.0008699471570687338;0.0012827645870590915;Guangxi;Fuel
0.0038765951593806133;0.008226317524679342;Guangxi;Chemi
0.002873604382236764;0.0034069008844222082;Guangxi;NonMeP
0.007805792472581416;0.014384295057185833;Guangxi;MeSme
0.00044915671189007497;0.0010185106820696501;Guangxi;MetaInd
0.0016263531277105748;0.0030412998986327614;Guangxi;GnerSep
0.003776451718670763;0.003429292781133496;Guangxi;TransEq
0.0008127523926255637;0.0016788816093877047;Guangxi;Electri
0.000416630735285205;0.0008371224740695008;Guangxi;Computers
4.796339797687198e-05;0.00015759639028692905;Guangxi;Instru
0.0004747968520121789;0.0007760488535039631;Guangxi;OtherManu
0.00588172540361122;0.006187040335595943;Guangxi;ElectriH
7.671039211241001e-05;0.00022373287410659324;Guangxi;WaGaS
2.4122616828462386e-05;0.0004996226648240538;Guangxi;Building
0.001709196194807691;0.005819326465585162;Guangxi;Trans 
0.0017851045109971149;0.007732402752432556;Guangxi;Wholes
0.0005231339356695622;0.0015591432879527424;Guangxi;Acconm
0.0006201900081345556;0.0017259897999505169;Guangxi;Rental
4.456441138750669e-05;0.00011391195056022549;Guangxi;ScienceTec
0.0015898518100053655;0.0065298538199168865;Guangxi;Ohters
0.002111224533955077;0.002389312764344705;Hainan;Agri
0.0;0.0;Hainan;CoalM
0.0;0.0;Hainan;OilgasM
0.0002326300735716527;0.0003237646542812744;Hainan;MetalM
6.512767929893115e-05;4.9048441518597116e-05;Hainan;NonMeM
0.0007320642407513167;0.000857834149652799;Hainan;Food
5.657720923300631e-05;8.282963512017385e-05;Hainan;Tex
1.3417030181721475e-05;3.093408704169309e-05;Hainan;Cloth
0.00014567867443467927;0.0001384848955711835;Hainan;Wood
0.0005770401115203428;0.0010916521228678967;Hainan;Paper
0.0016278170141231709;0.00490491435121923;Hainan;Fuel
0.0009721516548831926;0.001579940036528615;Hainan;Chemi
0.0004565369815202726;0.000254158372094103;Hainan;NonMeP
0.00016011552615080376;0.0002329646879209632;Hainan;MeSme
0.00010317841885584951;0.00036024198259481234;Hainan;MetaInd
2.3130478232300186e-05;3.391991755979085e-05;Hainan;GnerSep
0.000966983640749533;0.000563392228597622;Hainan;TransEq
8.15905977771832e-05;0.00011693121234344358;Hainan;Electri
0.0;0.0;Hainan;Computers
3.4508434389782687e-06;6.123027569542983e-06;Hainan;Instru
2.0841983973897708e-05;3.9293818334899896e-05;Hainan;OtherManu
0.000604116966924;0.0008061557740425371;Hainan;ElectriH
9.84926764398614e-05;0.00020159962281637167;Hainan;WaGaS
9.109791975987727e-05;0.0002586107570744145;Hainan;Building
0.0014707382406227484;0.002077140696480103;Hainan;Trans 
0.0010084685567888026;0.0014022920530065161;Hainan;Wholes
0.0006547210607527365;0.0006697521089842187;Hainan;Acconm
0.000149203239817672;0.00022683873348555966;Hainan;Rental
2.659426148670525e-05;2.256433795313741e-05;Hainan;ScienceTec
0.001326180378157933;0.001646036401941349;Hainan;Ohters
0.002095778114261533;0.004645752464255939;Chongqing;Agri
0.001660500712783847;0.0012851141526544446;Chongqing;CoalM
4.6143557781013795e-05;7.389171848439453e-05;Chongqing;OilgasM
9.221533320854476e-05;0.00014773609082669755;Chongqing;MetalM
0.0002119771728534335;0.00029510779917051424;Chongqing;NonMeM
0.0014398584872695617;0.0029031507321351123;Chongqing;Food
0.0004266808971477175;0.000825046996770118;Chongqing;Tex
0.0003758086219858187;0.0003502349850283193;Chongqing;Cloth
0.00021455224908804312;0.0003507843453552795;Chongqing;Wood
0.0008738305926132894;0.0010662533401039835;Chongqing;Paper
0.0002828254607882745;0.0004980027436300042;Chongqing;Fuel
0.0031233349643061637;0.005733364530402678;Chongqing;Chemi
0.002568814935433726;0.0018138804789468777;Chongqing;NonMeP
0.006642629078329808;0.005677342811224258;Chongqing;MeSme
0.0006355170824851641;0.0011847924561849076;Chongqing;MetaInd
0.001149635333865219;0.002197636468113806;Chongqing;GnerSep
0.008034770294774774;0.013523403665513157;Chongqing;TransEq
0.0008261758282421554;0.002224061656480256;Chongqing;Electri
0.0006253469538420342;0.0006940707824436244;Chongqing;Computers
0.00034066728954299576;0.0008429093407169249;Chongqing;Instru
0.00011971715866140566;0.00026685544428561826;Chongqing;OtherManu
0.0024800657712734995;0.003912586417809428;Chongqing;ElectriH
9.878582205691849e-05;0.0004067335899120986;Chongqing;WaGaS
-2.8222870145676082e-05;0.0005896143233761338;Chongqing;Building
0.0014958362117273552;0.004580587874321773;Chongqing;Trans 
0.0009965475819875545;0.006235203302968055;Chongqing;Wholes
0.0007332591971331861;0.0013481641782848365;Chongqing;Acconm
0.00024894157006195703;0.0012532839074624027;Chongqing;Rental
9.4166906262666e-05;0.00014153227579639333;Chongqing;ScienceTec
0.001879450462338608;0.006182748586964662;Chongqing;Ohters
0.01105640658128414;0.018089639954677016;Sichuan;Agri
0.002530504397203924;0.003672304872667327;Sichuan;CoalM
0.00261839172521623;0.0031028693746904977;Sichuan;OilgasM
0.0012523419739382275;0.0011215404617619634;Sichuan;MetalM
0.0007323881868501419;0.0010715202287098367;Sichuan;NonMeM
0.004587125706401354;0.01060619976804576;Sichuan;Food
0.0014722165918987199;0.00275630068470103;Sichuan;Tex
0.0006718188781299232;0.0013805493494641336;Sichuan;Cloth
0.0013358561604049106;0.0018477499346872964;Sichuan;Wood
0.0020645023763490493;0.0033666758058578956;Sichuan;Paper
0.0011692911355987241;0.002333351585372067;Sichuan;Fuel
0.007120320249317904;0.014621922526400127;Sichuan;Chemi
0.004015069450232193;0.0038264433863691005;Sichuan;NonMeP
0.009288951759198503;0.015432946196984225;Sichuan;MeSme
0.001696264544413246;0.003990943710280544;Sichuan;MetaInd
0.0019025639121443276;0.007168821893018569;Sichuan;GnerSep
0.0027836031624224825;0.004042764057530776;Sichuan;TransEq
0.002901664270504717;0.004091007329555265;Sichuan;Electri
0.001015051556402315;0.0029993126734372735;Sichuan;Computers
0.0005758031509560549;0.0010829590451113815;Sichuan;Instru
0.00034716766766804423;0.000783634851295124;Sichuan;OtherManu
0.0041757501848803825;0.010364580498552323;Sichuan;ElectriH
0.0002641756927903873;0.0010282216373082302;Sichuan;WaGaS
-4.6615919115277146e-05;0.0013393426649812013;Sichuan;Building
0.005565498963595545;0.0093280065188604;Sichuan;Trans 
0.004862385457716596;0.011238154885396852;Sichuan;Wholes
0.001946821029435973;0.005502163812937978;Sichuan;Acconm
0.0011223503538571298;0.0030219742535522384;Sichuan;Rental
0.00037388055682854626;0.0009215232046863905;Sichuan;ScienceTec
0.004780692747482866;0.014248509112240395;Sichuan;Ohters
0.0016738928149163783;0.0038824777193209943;Guizhou;Agri
0.002125489507316636;0.004297726634916172;Guizhou;CoalM
0.0;0.0;Guizhou;OilgasM
0.0001398753920381554;0.00019093495480731036;Guizhou;MetalM
0.00019983594532579257;0.0003919095075318463;Guizhou;NonMeM
0.0007425519821109044;0.002688830185239689;Guizhou;Food
4.11021561960206e-05;0.00012582062014219325;Guizhou;Tex
3.0504074000189976e-05;6.678276985125352e-05;Guizhou;Cloth
5.2700653611651334e-05;0.0002209178997834084;Guizhou;Wood
0.0003011437911788912;0.0004868597124487341;Guizhou;Paper
0.0006515126194070734;0.0016963768980465248;Guizhou;Fuel
0.0015534958749766395;0.005303241642784947;Guizhou;Chemi
0.0009334309583545568;0.0011127755391606685;Guizhou;NonMeP
0.0023088723675449476;0.0078703119613597;Guizhou;MeSme
0.0003100732830705864;0.0008024097067454491;Guizhou;MetaInd
0.0003014008636835623;0.0007253133405847868;Guizhou;GnerSep
0.00033107551454117227;0.001206830768844586;Guizhou;TransEq
0.0005887726770170726;0.0010631583842775373;Guizhou;Electri
0.0001323809939804395;0.0002586165327040099;Guizhou;Computers
3.0300602165252524e-05;0.00010884192505661496;Guizhou;Instru
0.0002739382538263879;0.0005624705617380749;Guizhou;OtherManu
0.00554038200567366;0.00651489379320332;Guizhou;ElectriH
8.790900450015897e-05;0.00015448145697685896;Guizhou;WaGaS
1.3357039030701945e-05;0.00022584618296144307;Guizhou;Building
0.0016642573783671262;0.003579794072850959;Guizhou;Trans 
0.0011356630266055254;0.0018278338626088492;Guizhou;Wholes
0.00040348548945582356;0.001789558435386931;Guizhou;Acconm
0.0003907862743010963;0.0006332151231946196;Guizhou;Rental
1.0690041261283965e-05;8.86188132474634e-05;Guizhou;ScienceTec
0.0016134083172436855;0.004566462040061415;Guizhou;Ohters
0.0034803269383923913;0.005881896233236778;Yunnan;Agri
0.0011774312796502331;0.0010393749768034413;Yunnan;CoalM
0.0;0.0;Yunnan;OilgasM
0.0005027252856692271;0.0005892168215243863;Yunnan;MetalM
0.00028740380147973397;0.0005088205185938637;Yunnan;NonMeM
0.0021559726075324574;0.006507957260691237;Yunnan;Food
9.796993372458963e-05;0.0002547323102015618;Yunnan;Tex
2.398692353347956e-05;6.203655574789753e-05;Yunnan;Cloth
0.0001526968359058334;0.00028843368186257535;Yunnan;Wood
0.0008817658781497233;0.0013941294828062468;Yunnan;Paper
0.0006674094071121409;0.0016391056477572184;Yunnan;Fuel
0.0026530799377820604;0.005951908441150527;Yunnan;Chemi
0.0011998380689673945;0.0010788743560786512;Yunnan;NonMeP
0.006435828480210632;0.017768187668689706;Yunnan;MeSme
0.00018798650338812723;0.0004738759368857157;Yunnan;MetaInd
0.0009895515815939644;0.0016093519098021984;Yunnan;GnerSep
0.0010713832048142194;0.0016236096380192913;Yunnan;TransEq
0.0006234153495457938;0.0009626079220606008;Yunnan;Electri
8.922448368992965e-05;0.00019840491173997457;Yunnan;Computers
0.0001258556818859765;0.00022373426274543057;Yunnan;Instru
0.00020320516834822626;0.00043559065868277675;Yunnan;OtherManu
0.004276320478173846;0.005747766395336135;Yunnan;ElectriH
7.289948437065258e-05;0.00016034706890564836;Yunnan;WaGaS
0.0005830998510892585;0.0011688724545513398;Yunnan;Building
0.0027686855580701447;0.0049560360227405495;Yunnan;Trans 
0.0025739160533900522;0.005438735948867809;Yunnan;Wholes
0.0005223593585520821;0.0019999839763454466;Yunnan;Acconm
0.0008460667248050566;0.002286344240749967;Yunnan;Rental
0.00010681647042731464;0.00022743145105610558;Yunnan;ScienceTec
0.004068283911678264;0.0082408663914316;Yunnan;Ohters
0.0017917300802771977;0.006811313553010887;Shan`xi;Agri
0.0022319721829095625;0.003771025952723519;Shan`xi;CoalM
0.005926904704333718;0.010603989547035788;Shan`xi;OilgasM
0.0014563458837079837;0.001718873301493812;Shan`xi;MetalM
5.526782885604053e-05;0.00013081964928588489;Shan`xi;NonMeM
0.0010826760612540828;0.003448475099845437;Shan`xi;Food
0.00030791889371112595;0.0013426488211456592;Shan`xi;Tex
0.00012060969827218095;0.0002915186197036941;Shan`xi;Cloth
0.00012477425431067806;0.0002453470599090617;Shan`xi;Wood
0.0007589522942614532;0.0016197107335906569;Shan`xi;Paper
0.003271579315999787;0.011943585114993566;Shan`xi;Fuel
0.002183876956656557;0.007828981251922511;Shan`xi;Chemi
0.0016764593095264834;0.0028994876527143683;Shan`xi;NonMeP
0.0029197213884566754;0.010028301158049743;Shan`xi;MeSme
0.0007641630948783624;0.0012983837539290257;Shan`xi;MetaInd
0.0010558297478006154;0.004047817145474617;Shan`xi;GnerSep
0.001370824571578991;0.005086337560905763;Shan`xi;TransEq
0.0006033931440177967;0.0031826337290741767;Shan`xi;Electri
0.0004770279233611547;0.0014094042194878306;Shan`xi;Computers
0.00039034093076353025;0.0007478706467480316;Shan`xi;Instru
0.00015598647395485303;0.00038121672789318163;Shan`xi;OtherManu
0.0031889527628706045;0.003944623294333915;Shan`xi;ElectriH
8.741363955806634e-05;0.0006502005260329827;Shan`xi;WaGaS
-8.436029301394e-05;0.0010178336369304148;Shan`xi;Building
0.001113441956609716;0.007281004487671312;Shan`xi;Trans 
1.3019070583395145e-05;0.00621442403755652;Shan`xi;Wholes
0.0007784879800704777;0.003170884654497768;Shan`xi;Acconm
0.000741203117996764;0.0018963136276535706;Shan`xi;Rental
0.00018692554437107714;0.000923089274084594;Shan`xi;ScienceTec
0.001440488108174466;0.008542781468050313;Shan`xi;Ohters
0.0014146627792080597;0.0029415545129845167;Gansu;Agri
0.000985464117479174;0.0008646208153295619;Gansu;CoalM
0.0016325414168145242;0.00142992735353929;Gansu;OilgasM
0.0007662141624528886;0.00035927845963589075;Gansu;MetalM
0.0002381981506114545;0.00033649675268110075;Gansu;NonMeM
0.0008167490359392587;0.0007880958661926339;Gansu;Food
7.389937571018947e-05;0.000138549174509293;Gansu;Tex
8.805457157077768e-05;0.0001619691691714215;Gansu;Cloth
6.151971684483221e-05;0.00010621173801299271;Gansu;Wood
0.0002656764911843602;0.00033553626331852144;Gansu;Paper
0.0014743471302930112;0.009844104912817567;Gansu;Fuel
0.001659019728172479;0.002862992166137593;Gansu;Chemi
0.0016175175510146416;0.0008990685405106355;Gansu;NonMeP
0.0029695255346238692;0.012646209917930511;Gansu;MeSme
0.00025688975902414865;0.0004508066984663986;Gansu;MetaInd
0.0004941738072657324;0.001026229896585156;Gansu;GnerSep
0.00015547057353869966;0.00020407032976066446;Gansu;TransEq
0.000367132400831005;0.0004687033959469076;Gansu;Electri
8.177770657521948e-05;0.00012697391226127938;Gansu;Computers
0.0;0.0;Gansu;Instru
5.087049743972722e-05;0.00011712985251856682;Gansu;OtherManu
0.0023325932500280777;0.0037298249861102053;Gansu;ElectriH
2.6652365534628555e-05;9.739969415538104e-05;Gansu;WaGaS
3.765972682313225e-05;0.0002541092406744494;Gansu;Building
0.0009800714358088086;0.0015558858552422168;Gansu;Trans 
-2.0505513115810496e-05;0.001827389659349418;Gansu;Wholes
0.0005192159536987903;0.0006974950141857784;Gansu;Acconm
0.00021579429728334578;0.0005445339791656527;Gansu;Rental
0.0001433276485525423;0.0003393167997450373;Gansu;ScienceTec
0.0014879124588275479;0.003208319649580289;Gansu;Ohters
0.00022890002140138268;0.00020591513257689647;Qinghai;Agri
0.0003088299839458512;0.00024419560511707434;Qinghai;CoalM
0.0005060543897214096;0.0006049002065242013;Qinghai;OilgasM
0.0010869828672488008;0.0007217721479220752;Qinghai;MetalM
5.998133345329646e-05;0.00010666072602997559;Qinghai;NonMeM
0.00015346321673446686;0.00012037444494354671;Qinghai;Food
3.737423312892735e-05;6.549760158121823e-05;Qinghai;Tex
2.2361159624081854e-05;4.9818939468534884e-05;Qinghai;Cloth
3.006505550883836e-05;3.2441861122790516e-05;Qinghai;Wood
8.940093275806886e-06;1.809266299395319e-05;Qinghai;Paper
4.085248170370279e-05;7.422180020631132e-05;Qinghai;Fuel
0.0006405264959156253;0.00165913433296434;Qinghai;Chemi
0.0006205685908596458;0.0003182137312463758;Qinghai;NonMeP
0.0008647249979369492;0.0034495332726514876;Qinghai;MeSme
0.00017400762568718227;0.00017131903831255966;Qinghai;MetaInd
0.00015069746452968803;0.0001577032938886731;Qinghai;GnerSep
0.00024999088931681166;0.00015633407882176847;Qinghai;TransEq
3.14963614267558e-05;3.578469447661853e-05;Qinghai;Electri
0.0;0.0;Qinghai;Computers
0.0;0.0;Qinghai;Instru
3.379858276372046e-05;4.0803073213311846e-05;Qinghai;OtherManu
0.0019535196387384843;0.0008598424139320571;Qinghai;ElectriH
1.1610909585379232e-05;1.707018065289508e-05;Qinghai;WaGaS
2.02857397544309e-05;0.00011801099552926947;Qinghai;Building
0.00031207896317593243;0.0004138779708238919;Qinghai;Trans 
1.7379641086339343e-05;6.27750319463261e-05;Qinghai;Wholes
0.00024656841911107924;0.00023555180936732416;Qinghai;Acconm
0.0001876886411217099;0.00022057092836471674;Qinghai;Rental
2.0529226555873748e-05;8.119300442419238e-05;Qinghai;ScienceTec
0.0011153707938862003;0.001264580074855795;Qinghai;Ohters
0.0008622058360610977;0.0008793696719553275;Ningxia;Agri
0.0009330676102862941;0.001148220492385803;Ningxia;CoalM
7.0040795261360005e-06;7.773939677962283e-06;Ningxia;OilgasM
0.00011705172774168143;6.031139399194318e-05;Ningxia;MetalM
1.362546226378841e-05;2.8198956692543518e-05;Ningxia;NonMeM
0.00045293622654558977;0.0005050772699988241;Ningxia;Food
0.0002493767779758312;0.0009031190092703449;Ningxia;Tex
2.9128937051505593e-05;5.317058830532203e-05;Ningxia;Cloth
2.1803992511422367e-05;2.9605277126089175e-05;Ningxia;Wood
0.0002872016709320339;0.0006368995501450395;Ningxia;Paper
0.0005347831325135193;0.0008946978315704847;Ningxia;Fuel
0.0008851273103992893;0.002336253256644834;Ningxia;Chemi
0.00041489302410816837;0.0005234432282997682;Ningxia;NonMeP
0.0009172482181496779;0.0027074953893259715;Ningxia;MeSme
0.00022513217297967874;0.0005412516570153937;Ningxia;MetaInd
0.0001142444908888997;0.0006264166758848995;Ningxia;GnerSep
7.085812611981848e-05;0.00010663588655027926;Ningxia;TransEq
0.00017189597600351448;0.0002769277543037427;Ningxia;Electri
5.027806428823987e-05;6.570132110733534e-05;Ningxia;Computers
7.384528524022956e-05;0.0001492450408784941;Ningxia;Instru
3.7409223349756794e-05;4.9917359673252726e-05;Ningxia;OtherManu
0.0023126840703131504;0.001960717943888882;Ningxia;ElectriH
3.182079152686623e-05;7.584729722180249e-05;Ningxia;WaGaS
9.961743793296754e-06;5.463912208560751e-05;Ningxia;Building
0.000533622218068615;0.0011115768145487925;Ningxia;Trans 
0.0001971287615115217;0.0011651091489397226;Ningxia;Wholes
9.423243972815549e-05;0.0005666253119210683;Ningxia;Acconm
0.00018213093021923564;0.0002920166483089595;Ningxia;Rental
4.343402571045948e-06;1.971967704470931e-05;Ningxia;ScienceTec
0.0006078718880164671;0.0014118689439731485;Ningxia;Ohters
0.003227563360538296;0.00849633807284044;Xinjiang;Agri
0.0006298368830527185;0.0006603736979981212;Xinjiang;CoalM
0.010639600784789705;0.005654160266452652;Xinjiang;OilgasM
0.0008357980137349848;0.000731402594297101;Xinjiang;MetalM
0.00012490816519727447;0.00029273120422328673;Xinjiang;NonMeM
0.0004329034149931057;0.0011305472005457254;Xinjiang;Food
0.0002474700717968793;0.001282090895075096;Xinjiang;Tex
4.925411092600047e-05;0.00012251670941906308;Xinjiang;Cloth
0.00014849999104166246;0.00021478702932537557;Xinjiang;Wood
0.0002252991134437132;0.0004387625380814109;Xinjiang;Paper
0.002079450631734813;0.013253080767407745;Xinjiang;Fuel
0.0020695663150611127;0.00505931889646131;Xinjiang;Chemi
0.0004626660805144065;0.0005724239596352212;Xinjiang;NonMeP
0.0016755714685796372;0.004166103295023407;Xinjiang;MeSme
0.0002575816211099938;0.000544583623666004;Xinjiang;MetaInd
0.00012009102119231709;0.0002634282758592495;Xinjiang;GnerSep
0.00011064013168152012;0.00017099944640982785;Xinjiang;TransEq
0.00031858486330792635;0.0009897468888397007;Xinjiang;Electri
6.911211772501878e-05;0.00013508751435619462;Xinjiang;Computers
1.0106602893173745e-05;1.9915181105609715e-05;Xinjiang;Instru
3.251316587989028e-05;8.503280746825388e-05;Xinjiang;OtherManu
0.0018474604402992925;0.002073342715061775;Xinjiang;ElectriH
4.001412432756403e-05;8.845925189589827e-05;Xinjiang;WaGaS
5.188135647019882e-05;0.0004367639888951671;Xinjiang;Building
0.001914544980757536;0.005381972140787648;Xinjiang;Trans 
0.0009765619965950503;0.00361557436882737;Xinjiang;Wholes
0.0004893016106021478;0.0007495665805363219;Xinjiang;Acconm
0.0014708331165854231;0.0018893390550737345;Xinjiang;Rental
4.874882275871753e-05;0.00013455797517865443;Xinjiang;ScienceTec
0.0018513477916589714;0.004376147312109953;Xinjiang;Ohters
